Date,GOOGL,Alphabet Inc.,Alphabet
2016-01-01,,,
2016-01-02,,,
2016-01-03,25.46,0.0,35.510000000000005
2016-01-04,63.650000000000006,0.0,41.870000000000005
2016-01-05,50.25,0.0,42.93
2016-01-06,55.61000000000001,0.0,45.580000000000005
2016-01-07,62.980000000000004,0.0,42.93
2016-01-08,48.24,0.0,50.88
2016-01-09,44.89,0.0,31.8
2016-01-10,33.37,0.0,35.2
2016-01-11,66.03,0.0,43.45
2016-01-12,46.86,0.0,44.0
2016-01-13,56.089999999999996,0.0,42.900000000000006
2016-01-14,61.059999999999995,0.0,38.5
2016-01-15,57.51,0.0,42.900000000000006
2016-01-16,35.5,0.0,31.35
2016-01-17,35.0,0.0,28.05
2016-01-18,35.0,0.0,39.050000000000004
2016-01-19,47.599999999999994,13.440000000000001,43.45
2016-01-20,67.89999999999999,0.0,47.300000000000004
2016-01-21,60.9,0.0,48.400000000000006
2016-01-22,67.19999999999999,13.72,42.35
2016-01-23,41.3,0.0,40.150000000000006
2016-01-24,42.18,0.0,39.44
2016-01-25,59.94,6.720000000000001,45.239999999999995
2016-01-26,66.6,0.0,49.3
2016-01-27,70.3,6.720000000000001,57.99999999999999
2016-01-28,64.38,6.86,48.13999999999999
2016-01-29,74.0,14.000000000000002,53.36
2016-01-30,48.1,0.0,41.76
2016-01-31,71.0,0.0,56.24
2016-02-01,97.0,0.0,49.58
2016-02-02,100.0,0.0,74.0
2016-02-03,85.0,0.0,52.54
2016-02-04,87.0,0.0,50.32
2016-02-05,65.0,0.0,45.14
2016-02-06,45.0,0.0,36.26
2016-02-07,28.8,0.0,29.89
2016-02-08,55.2,0.0,30.5
2016-02-09,52.800000000000004,0.0,33.55
2016-02-10,54.400000000000006,0.0,35.38
2016-02-11,55.2,0.0,35.99
2016-02-12,50.400000000000006,0.0,31.11
2016-02-13,29.6,0.0,28.06
2016-02-14,29.23,0.0,27.139999999999997
2016-02-15,33.97,0.0,30.09
2016-02-16,54.510000000000005,0.0,31.86
2016-02-17,45.03,0.0,35.4
2016-02-18,53.72,0.0,35.4
2016-02-19,45.82,0.0,33.04
2016-02-20,31.6,0.0,26.549999999999997
2016-02-21,30.360000000000003,0.0,27.45
2016-02-22,42.24,0.0,33.55
2016-02-23,38.28,0.0,36.6
2016-02-24,42.9,0.0,34.769999999999996
2016-02-25,52.800000000000004,0.0,36.6
2016-02-26,34.980000000000004,0.0,31.11
2016-02-27,23.76,0.0,25.62
2016-02-28,28.5,0.0,33.15
2016-02-29,47.25,0.0,34.45
2016-03-01,74.25,0.0,50.050000000000004
2016-03-02,65.25,0.0,58.5
2016-03-03,66.75,0.0,60.45
2016-03-04,51.75,0.0,56.550000000000004
2016-03-05,44.25,27.0,52.0
2016-03-06,34.08,14.000000000000002,41.04
2016-03-07,58.22,0.0,45.029999999999994
2016-03-08,62.48,0.0,45.599999999999994
2016-03-09,60.349999999999994,0.0,53.01
2016-03-10,67.45,0.0,51.87
2016-03-11,61.769999999999996,0.0,49.589999999999996
2016-03-12,39.05,0.0,39.9
2016-03-13,32.160000000000004,0.0,41.18
2016-03-14,49.580000000000005,0.0,56.26
2016-03-15,67.0,0.0,50.459999999999994
2016-03-16,48.24,0.0,51.62
2016-03-17,66.33,0.0,49.879999999999995
2016-03-18,58.290000000000006,0.0,47.559999999999995
2016-03-19,28.14,0.0,42.339999999999996
2016-03-20,39.0,0.0,34.32
2016-03-21,48.1,0.0,44.2
2016-03-22,48.1,0.0,46.28
2016-03-23,47.45,0.0,47.84
2016-03-24,51.35,0.0,47.84
2016-03-25,40.300000000000004,0.0,44.2
2016-03-26,31.85,0.0,36.4
2016-03-27,25.46,0.0,43.88999999999999
2016-03-28,46.900000000000006,0.0,46.169999999999995
2016-03-29,56.95,36.98,45.029999999999994
2016-03-30,51.59,0.0,56.99999999999999
2016-03-31,58.96,36.98,52.44
2016-04-01,42.21,0.0,49.019999999999996
2016-04-02,26.8,43.0,40.47
2016-04-03,19.599999999999998,0.0,46.019999999999996
2016-04-04,42.699999999999996,0.0,53.099999999999994
2016-04-05,40.599999999999994,11.620000000000001,50.15
2016-04-06,40.599999999999994,11.620000000000001,52.51
2016-04-07,45.5,0.0,57.23
2016-04-08,37.8,0.0,48.379999999999995
2016-04-09,28.7,13.860000000000001,42.48
2016-04-10,25.2,0.0,49.8
2016-04-11,35.28,0.0,55.8
2016-04-12,38.43,0.0,55.199999999999996
2016-04-13,45.36,23.240000000000002,49.8
2016-04-14,33.39,0.0,57.0
2016-04-15,42.21,0.0,49.8
2016-04-16,23.31,0.0,41.4
2016-04-17,31.979999999999997,0.0,44.08
2016-04-18,57.4,0.0,52.199999999999996
2016-04-19,54.12,23.520000000000003,46.4
2016-04-20,58.22,0.0,45.239999999999995
2016-04-21,72.16,22.96,53.94
2016-04-22,82.0,0.0,57.99999999999999
2016-04-23,42.64,0.0,42.919999999999995
2016-04-24,35.28,0.0,39.6
2016-04-25,51.12,0.0,44.0
2016-04-26,45.36,0.0,50.050000000000004
2016-04-27,48.239999999999995,0.0,47.300000000000004
2016-04-28,52.559999999999995,0.0,51.150000000000006
2016-04-29,51.839999999999996,0.0,44.0
2016-04-30,28.799999999999997,0.0,34.650000000000006
2016-05-01,36.04,0.0,40.150000000000006
2016-05-02,68.0,0.0,51.150000000000006
2016-05-03,65.28,0.0,47.85
2016-05-04,59.84,10.500000000000002,45.650000000000006
2016-05-05,60.52,0.0,44.550000000000004
2016-05-06,63.92,0.0,48.95
2016-05-07,31.28,0.0,33.550000000000004
2016-05-08,42.75,0.0,36.96
2016-05-09,64.5,0.0,50.400000000000006
2016-05-10,59.25,0.0,49.84
2016-05-11,58.5,0.0,56.00000000000001
2016-05-12,69.0,0.0,53.760000000000005
2016-05-13,64.5,0.0,47.6
2016-05-14,46.5,0.0,34.720000000000006
2016-05-15,45.0,0.0,38.19
2016-05-16,67.5,0.0,43.31999999999999
2016-05-17,69.0,0.0,55.85999999999999
2016-05-18,63.75,0.0,55.85999999999999
2016-05-19,69.75,0.0,51.87
2016-05-20,65.25,0.0,44.459999999999994
2016-05-21,39.75,0.0,38.19
2016-05-22,45.88,0.0,40.8
2016-05-23,59.2,0.0,41.82
2016-05-24,68.08,0.0,43.86
2016-05-25,65.86,0.0,40.8
2016-05-26,59.94,0.0,46.410000000000004
2016-05-27,58.46,0.0,38.25
2016-05-28,34.78,0.0,29.580000000000002
2016-05-29,24.91,0.0,31.02
2016-05-30,25.970000000000002,0.0,30.08
2016-05-31,33.39,0.0,32.9
2016-06-01,32.33,0.0,47.0
2016-06-02,32.86,0.0,45.12
2016-06-03,49.29,0.0,45.589999999999996
2016-06-04,28.62,0.0,38.54
2016-06-05,20.65,0.0,45.760000000000005
2016-06-06,53.099999999999994,0.0,48.36
2016-06-07,40.12,27.549999999999997,48.88
2016-06-08,38.94,0.0,44.2
2016-06-09,52.51,0.0,43.68
2016-06-10,59.0,0.0,43.160000000000004
2016-06-11,20.65,0.0,41.08
2016-06-12,27.560000000000002,0.0,34.79
2016-06-13,37.96,0.0,44.589999999999996
2016-06-14,44.72,0.0,43.12
2016-06-15,35.88,0.0,40.67
2016-06-16,44.72,0.0,35.769999999999996
2016-06-17,41.08,0.0,40.67
2016-06-18,27.04,0.0,37.24
2016-06-19,30.68,0.0,34.96
2016-06-20,36.92,0.0,38.18
2016-06-21,33.28,0.0,38.18
2016-06-22,34.32,0.0,39.1
2016-06-23,34.84,0.0,34.5
2016-06-24,43.68,0.0,39.1
2016-06-25,34.32,0.0,33.58
2016-06-26,27.0,0.0,35.42
2016-06-27,32.85,0.0,41.86
2016-06-28,45.0,0.0,38.64
2016-06-29,30.150000000000002,0.0,43.7
2016-06-30,27.900000000000002,0.0,38.64
2016-07-01,29.7,0.0,39.56
2016-07-02,18.45,0.0,38.64
2016-07-03,18.9,0.0,40.02
2016-07-04,17.64,0.0,40.480000000000004
2016-07-05,18.48,0.0,40.02
2016-07-06,28.56,0.0,38.64
2016-07-07,19.32,8.0,44.620000000000005
2016-07-08,24.36,0.0,40.02
2016-07-09,11.34,0.0,36.34
2016-07-10,14.4,0.0,37.599999999999994
2016-07-11,22.05,0.0,39.01
2016-07-12,23.400000000000002,0.0,43.239999999999995
2016-07-13,22.05,0.0,39.48
2016-07-14,21.6,0.0,45.589999999999996
2016-07-15,22.05,0.0,37.599999999999994
2016-07-16,13.05,0.0,36.19
2016-07-17,24.96,0.0,34.76
2016-07-18,21.84,0.0,38.28
2016-07-19,24.96,0.0,36.08
2016-07-20,19.76,0.0,38.72
2016-07-21,23.400000000000002,0.0,37.84
2016-07-22,20.28,0.0,35.2
2016-07-23,19.240000000000002,0.0,32.12
2016-07-24,14.399999999999999,0.0,38.4
2016-07-25,46.199999999999996,0.0,43.199999999999996
2016-07-26,32.4,0.0,37.44
2016-07-27,39.6,0.0,40.8
2016-07-28,47.4,0.0,48.0
2016-07-29,60.0,0.0,47.04
2016-07-30,34.199999999999996,0.0,42.239999999999995
2016-07-31,20.0,0.0,50.4
2016-08-01,39.0,0.0,26.4
2016-08-02,40.5,0.0,31.2
2016-08-03,36.0,0.0,25.8
2016-08-04,36.0,0.0,28.2
2016-08-05,35.0,0.0,22.2
2016-08-06,32.0,0.0,60.0
2016-08-07,21.56,0.0,23.5
2016-08-08,39.2,0.0,22.5
2016-08-09,34.3,0.0,25.0
2016-08-10,34.79,0.0,22.0
2016-08-11,35.28,0.0,29.0
2016-08-12,33.81,0.0,19.0
2016-08-13,28.419999999999998,0.0,21.5
2016-08-14,27.03,0.0,27.0
2016-08-15,31.11,0.0,31.2
2016-08-16,48.96,16.0,33.0
2016-08-17,33.15,0.0,34.8
2016-08-18,39.78,0.0,35.4
2016-08-19,23.97,0.0,32.4
2016-08-20,29.07,0.0,26.4
2016-08-21,31.720000000000002,0.0,31.490000000000002
2016-08-22,41.6,0.0,39.53
2016-08-23,31.200000000000003,14.85,47.57
2016-08-24,44.72,0.0,44.220000000000006
2016-08-25,52.0,0.0,42.88
2016-08-26,41.08,0.0,42.88
2016-08-27,30.68,0.0,29.48
2016-08-28,32.489999999999995,0.0,43.07
2016-08-29,34.769999999999996,12.740000000000002,43.8
2016-08-30,48.449999999999996,0.0,48.91
2016-08-31,53.01,0.0,51.83
2016-09-01,37.62,0.0,67.16
2016-09-02,38.76,14.000000000000002,61.32
2016-09-03,16.529999999999998,0.0,44.53
2016-09-04,24.189999999999998,0.0,39.65
2016-09-05,27.139999999999997,0.0,46.15
2016-09-06,40.12,0.0,55.9
2016-09-07,46.61,13.160000000000002,59.15
2016-09-08,44.25,0.0,64.35000000000001
2016-09-09,40.12,0.0,62.400000000000006
2016-09-10,22.419999999999998,0.0,41.6
2016-09-11,25.2,0.0,51.059999999999995
2016-09-12,51.8,0.0,60.72
2016-09-13,50.4,0.0,67.61999999999999
2016-09-14,56.699999999999996,0.0,69.0
2016-09-15,54.599999999999994,13.440000000000001,68.30999999999999
2016-09-16,51.8,0.0,55.199999999999996
2016-09-17,25.9,0.0,41.4
2016-09-18,34.32,0.0,48.989999999999995
2016-09-19,50.82,0.0,60.029999999999994
2016-09-20,45.54,0.0,59.339999999999996
2016-09-21,51.480000000000004,0.0,66.24
2016-09-22,66.0,0.0,62.78999999999999
2016-09-23,50.82,0.0,53.81999999999999
2016-09-24,32.34,0.0,36.57
2016-09-25,26.4,0.0,40.87
2016-09-26,54.0,0.0,44.53
2016-09-27,49.8,0.0,52.46
2016-09-28,40.8,0.0,56.73
2016-09-29,47.4,0.0,52.46
2016-09-30,46.199999999999996,0.0,49.41
2016-10-01,28.799999999999997,0.0,39.04
2016-10-02,22.619999999999997,42.0,37.12
2016-10-03,43.5,36.12,45.239999999999995
2016-10-04,49.3,0.0,57.99999999999999
2016-10-05,38.86,0.0,49.879999999999995
2016-10-06,42.339999999999996,0.0,52.199999999999996
2016-10-07,37.699999999999996,0.0,41.18
2016-10-08,24.939999999999998,0.0,35.96
2016-10-09,21.78,0.0,39.53
2016-10-10,44.88,0.0,47.199999999999996
2016-10-11,48.18,0.0,50.15
2016-10-12,44.88,0.0,48.97
2016-10-13,54.78,0.0,51.33
2016-10-14,47.52,0.0,46.61
2016-10-15,21.78,0.0,33.629999999999995
2016-10-16,30.72,0.0,40.8
2016-10-17,44.800000000000004,0.0,52.199999999999996
2016-10-18,64.0,0.0,57.0
2016-10-19,53.120000000000005,0.0,54.0
2016-10-20,55.04,0.0,51.0
2016-10-21,48.0,12.32,44.4
2016-10-22,24.32,0.0,37.8
2016-10-23,29.26,0.0,40.8
2016-10-24,62.370000000000005,23.8,48.0
2016-10-25,74.69,0.0,53.4
2016-10-26,65.45,23.520000000000003,49.199999999999996
2016-10-27,69.3,0.0,56.4
2016-10-28,69.3,0.0,51.6
2016-10-29,36.96,0.0,38.4
2016-10-30,25.2,0.0,36.300000000000004
2016-10-31,53.28,0.0,43.45
2016-11-01,63.36,14.000000000000002,48.95
2016-11-02,70.56,0.0,50.6
2016-11-03,69.84,0.0,48.95
2016-11-04,69.84,0.0,45.1
2016-11-05,40.32,0.0,42.900000000000006
2016-11-06,31.68,0.0,38.480000000000004
2016-11-07,59.400000000000006,0.0,44.2
2016-11-08,50.160000000000004,0.0,40.04
2016-11-09,61.38,0.0,32.76
2016-11-10,65.34,0.0,47.32
2016-11-11,45.54,0.0,41.6
2016-11-12,31.020000000000003,0.0,37.44
2016-11-13,36.75,0.0,43.31
2016-11-14,60.0,0.0,54.29
2016-11-15,65.25,0.0,57.339999999999996
2016-11-16,71.25,0.0,61.0
2016-11-17,66.0,0.0,58.56
2016-11-18,64.5,0.0,58.56
2016-11-19,32.25,0.0,42.699999999999996
2016-11-20,23.52,0.0,32.9
2016-11-21,34.56,0.0,38.07
2016-11-22,43.199999999999996,0.0,36.66
2016-11-23,24.48,0.0,36.19
2016-11-24,23.52,0.0,32.43
2016-11-25,18.72,0.0,25.849999999999998
2016-11-26,19.68,0.0,33.839999999999996
2016-11-27,29.48,0.0,43.66
2016-11-28,54.27,0.0,46.019999999999996
2016-11-29,59.63,0.0,54.279999999999994
2016-11-30,67.0,0.0,54.87
2016-12-01,51.59,0.0,54.279999999999994
2016-12-02,47.57,0.0,46.019999999999996
2016-12-03,24.790000000000003,0.0,41.3
2016-12-04,32.9,0.0,43.31
2016-12-05,49.699999999999996,0.0,58.56
2016-12-06,56.0,0.0,53.07
2016-12-07,53.9,0.0,57.339999999999996
2016-12-08,70.0,0.0,61.0
2016-12-09,46.199999999999996,0.0,54.9
2016-12-10,24.5,0.0,37.82
2016-12-11,27.52,0.0,40.150000000000006
2016-12-12,54.4,0.0,50.050000000000004
2016-12-13,45.44,0.0,50.6
2016-12-14,48.64,0.0,47.85
2016-12-15,51.84,0.0,49.50000000000001
2016-12-16,41.6,0.0,45.1
2016-12-17,23.68,0.0,33.550000000000004
2016-12-18,21.599999999999998,0.0,41.800000000000004
2016-12-19,33.6,0.0,44.550000000000004
2016-12-20,34.08,0.0,46.2
2016-12-21,30.72,0.0,49.50000000000001
2016-12-22,27.36,0.0,47.300000000000004
2016-12-23,24.96,0.0,40.150000000000006
2016-12-24,19.68,0.0,36.85
2016-12-25,17.63,0.0,29.61
2016-12-26,13.33,0.0,23.97
2016-12-27,21.5,0.0,31.49
2016-12-28,19.35,0.0,24.91
2016-12-29,20.64,8.25,25.38
2016-12-30,17.63,0.0,32.9
2016-12-31,15.049999999999999,0.0,33.839999999999996
2017-01-01,12.959999999999999,0.0,33.059999999999995
2017-01-02,19.68,0.0,34.769999999999996
2017-01-03,28.799999999999997,0.0,42.18
2017-01-04,26.4,0.0,49.589999999999996
2017-01-05,29.759999999999998,0.0,49.019999999999996
2017-01-06,32.64,0.0,44.459999999999994
2017-01-07,18.72,0.0,41.04
2017-01-08,19.47,0.0,40.7
2017-01-09,36.58,0.0,43.45
2017-01-10,34.22,0.0,47.300000000000004
2017-01-11,41.89,0.0,46.2
2017-01-12,38.94,0.0,47.85
2017-01-13,36.58,0.0,41.800000000000004
2017-01-14,26.549999999999997,0.0,36.85
2017-01-15,14.75,0.0,40.47
2017-01-16,29.5,0.0,37.62
2017-01-17,29.5,0.0,42.18
2017-01-18,37.169999999999995,0.0,49.589999999999996
2017-01-19,41.3,0.0,50.73
2017-01-20,36.58,0.0,47.309999999999995
2017-01-21,24.779999999999998,0.0,37.62
2017-01-22,17.16,0.0,40.96
2017-01-23,41.580000000000005,0.0,58.24
2017-01-24,45.54,10.92,60.160000000000004
2017-01-25,44.22,11.05,62.08
2017-01-26,66.0,0.0,64.0
2017-01-27,60.720000000000006,11.18,60.160000000000004
2017-01-28,23.1,0.0,36.480000000000004
2017-01-29,26.8,25.0,44.4
2017-01-30,39.53,0.0,48.6
2017-01-31,52.260000000000005,20.5,57.0
2017-02-01,60.300000000000004,0.0,52.199999999999996
2017-02-02,46.900000000000006,10.25,56.4
2017-02-03,50.25,21.5,51.6
2017-02-04,36.85,0.0,42.6
2017-02-05,28.6,0.0,39.04
2017-02-06,45.5,0.0,56.73
2017-02-07,52.0,0.0,61.0
2017-02-08,65.0,0.0,54.29
2017-02-09,44.85,0.0,57.339999999999996
2017-02-10,50.7,0.0,49.41
2017-02-11,26.0,0.0,50.019999999999996
2017-02-12,27.45,0.0,44.08
2017-02-13,54.9,0.0,44.66
2017-02-14,47.58,0.0,55.099999999999994
2017-02-15,52.46,5.59,55.67999999999999
2017-02-16,42.089999999999996,0.0,56.26
2017-02-17,42.699999999999996,5.33,49.3
2017-02-18,23.18,13.0,38.86
2017-02-19,24.0,0.0,43.88999999999999
2017-02-20,31.2,5.59,42.74999999999999
2017-02-21,41.4,0.0,54.15
2017-02-22,49.8,0.0,53.58
2017-02-23,37.199999999999996,5.33,54.15
2017-02-24,48.6,0.0,50.16
2017-02-25,22.2,0.0,36.48
2017-02-26,29.069999999999997,0.0,37.52
2017-02-27,37.62,14.04,44.24
2017-02-28,49.019999999999996,0.0,48.160000000000004
2017-03-01,47.309999999999995,18.36,53.760000000000005
2017-03-02,50.16,0.0,42.56
2017-03-03,43.31999999999999,0.0,45.92
2017-03-04,19.95,0.0,38.64
2017-03-05,27.0,0.0,44.08
2017-03-06,40.199999999999996,0.0,52.779999999999994
2017-03-07,47.4,0.0,45.239999999999995
2017-03-08,49.199999999999996,12.719999999999999,46.4
2017-03-09,48.0,0.0,48.13999999999999
2017-03-10,44.4,12.959999999999999,48.72
2017-03-11,24.0,0.0,42.339999999999996
2017-03-12,23.779999999999998,0.0,38.86
2017-03-13,42.339999999999996,25.0,49.3
2017-03-14,43.5,0.0,53.36
2017-03-15,45.239999999999995,13.5,46.4
2017-03-16,40.599999999999994,13.5,48.72
2017-03-17,34.22,14.25,47.559999999999995
2017-03-18,26.099999999999998,0.0,41.76
2017-03-19,27.139999999999997,0.0,40.019999999999996
2017-03-20,44.25,0.0,46.98
2017-03-21,50.739999999999995,0.0,46.4
2017-03-22,41.3,0.0,56.839999999999996
2017-03-23,59.0,0.0,57.99999999999999
2017-03-24,43.66,0.0,44.66
2017-03-25,23.599999999999998,0.0,35.379999999999995
2017-03-26,21.7,0.0,38.080000000000005
2017-03-27,52.7,0.0,43.68000000000001
2017-03-28,53.94,0.0,46.480000000000004
2017-03-29,50.839999999999996,0.0,50.400000000000006
2017-03-30,47.74,0.0,54.88
2017-03-31,48.98,0.0,47.6
2017-04-01,21.08,0.0,41.440000000000005
2017-04-02,17.669999999999998,0.0,40.150000000000006
2017-04-03,35.91,0.0,42.900000000000006
2017-04-04,27.929999999999996,0.0,55.00000000000001
2017-04-05,32.489999999999995,0.0,50.050000000000004
2017-04-06,28.499999999999996,0.0,44.0
2017-04-07,27.36,0.0,48.95
2017-04-08,11.969999999999999,0.0,37.400000000000006
2017-04-09,18.55,0.0,38.480000000000004
2017-04-10,24.91,0.0,44.72
2017-04-11,29.68,0.0,44.72
2017-04-12,28.09,0.0,45.24
2017-04-13,25.970000000000002,0.0,44.72
2017-04-14,12.72,35.1,36.4
2017-04-15,11.66,0.0,37.44
2017-04-16,12.420000000000002,0.0,31.720000000000002
2017-04-17,28.080000000000002,0.0,38.480000000000004
2017-04-18,31.32,10.530000000000001,47.32
2017-04-19,31.32,10.66,45.760000000000005
2017-04-20,31.860000000000003,0.0,43.68
2017-04-21,29.160000000000004,11.18,41.08
2017-04-22,27.540000000000003,12.870000000000001,37.44
2017-04-23,24.96,0.0,40.8
2017-04-24,51.480000000000004,0.0,50.4
2017-04-25,55.38,0.0,54.0
2017-04-26,50.7,0.0,53.4
2017-04-27,71.76,0.0,56.4
2017-04-28,78.0,0.0,54.0
2017-04-29,25.740000000000002,0.0,51.6
2017-04-30,19.2,0.0,46.61
2017-05-01,46.08,0.0,47.79
2017-05-02,55.68,0.0,47.79
2017-05-03,60.800000000000004,0.0,44.839999999999996
2017-05-04,64.0,0.0,49.559999999999995
2017-05-05,53.120000000000005,0.0,46.019999999999996
2017-05-06,28.8,0.0,41.89
2017-05-07,25.46,0.0,34.8
2017-05-08,59.63,0.0,41.76
2017-05-09,49.580000000000005,0.0,47.559999999999995
2017-05-10,52.93,0.0,53.94
2017-05-11,49.580000000000005,0.0,46.4
2017-05-12,48.910000000000004,0.0,44.66
2017-05-13,24.12,0.0,35.379999999999995
2017-05-14,25.840000000000003,0.0,44.08
2017-05-15,61.88,0.0,49.3
2017-05-16,48.96,41.0,51.04
2017-05-17,62.56,0.0,47.559999999999995
2017-05-18,61.2,41.0,45.82
2017-05-19,54.400000000000006,0.0,57.99999999999999
2017-05-20,23.12,0.0,34.8
2017-05-21,22.1,0.0,33.6
2017-05-22,46.800000000000004,0.0,45.36000000000001
2017-05-23,60.45,0.0,48.720000000000006
2017-05-24,55.25,0.0,42.00000000000001
2017-05-25,62.400000000000006,0.0,44.800000000000004
2017-05-26,51.35,0.0,43.120000000000005
2017-05-27,19.5,0.0,37.52
2017-05-28,18.24,0.0,29.120000000000005
2017-05-29,26.4,0.0,31.360000000000003
2017-05-30,32.64,0.0,50.96000000000001
2017-05-31,36.96,0.0,49.84
2017-06-01,34.56,0.0,56.00000000000001
2017-06-02,39.839999999999996,14.560000000000002,51.52
2017-06-03,24.96,17.080000000000002,41.440000000000005
2017-06-04,30.38,0.0,37.44
2017-06-05,62.0,0.0,46.800000000000004
2017-06-06,50.839999999999996,0.0,42.64
2017-06-07,42.78,0.0,45.24
2017-06-08,33.48,14.000000000000002,42.64
2017-06-09,62.0,14.560000000000002,41.08
2017-06-10,27.28,0.0,31.200000000000003
2017-06-11,26.0,0.0,34.0
2017-06-12,33.800000000000004,13.72,31.5
2017-06-13,37.96,13.72,39.0
2017-06-14,28.6,0.0,44.0
2017-06-15,33.800000000000004,0.0,36.5
2017-06-16,30.68,0.0,28.0
2017-06-17,11.440000000000001,0.0,32.5
2017-06-18,14.62,0.0,41.16
2017-06-19,28.38,0.0,38.22
2017-06-20,25.37,0.0,37.24
2017-06-21,15.48,0.0,34.79
2017-06-22,18.919999999999998,6.720000000000001,31.849999999999998
2017-06-23,15.049999999999999,0.0,38.71
2017-06-24,15.48,8.120000000000001,35.769999999999996
2017-06-25,16.0,0.0,35.25
2017-06-26,23.0,0.0,35.72
2017-06-27,35.0,0.0,32.9
2017-06-28,29.5,0.0,33.839999999999996
2017-06-29,35.5,0.0,35.72
2017-06-30,41.0,0.0,31.959999999999997
2017-07-01,17.5,0.0,33.37
2017-07-02,13.44,0.0,27.0
2017-07-03,16.8,0.0,34.65
2017-07-04,18.06,0.0,29.7
2017-07-05,21.0,0.0,33.75
2017-07-06,19.74,0.0,36.45
2017-07-07,18.06,0.0,35.550000000000004
2017-07-08,17.64,0.0,35.550000000000004
2017-07-09,18.92,0.0,42.32
2017-07-10,20.24,0.0,33.58
2017-07-11,15.84,0.0,34.96
2017-07-12,25.96,0.0,30.360000000000003
2017-07-13,22.88,0.0,32.660000000000004
2017-07-14,23.32,0.0,29.900000000000002
2017-07-15,13.64,0.0,33.58
2017-07-16,15.48,0.0,35.04
2017-07-17,20.64,0.0,43.199999999999996
2017-07-18,19.35,0.0,36.96
2017-07-19,23.22,0.0,33.6
2017-07-20,21.07,0.0,38.879999999999995
2017-07-21,17.63,0.0,34.56
2017-07-22,13.76,0.0,29.279999999999998
2017-07-23,11.399999999999999,0.0,32.64
2017-07-24,51.3,0.0,43.35
2017-07-25,56.99999999999999,0.0,51.0
2017-07-26,35.339999999999996,0.0,40.8
2017-07-27,26.22,0.0,41.31
2017-07-28,25.08,0.0,36.72
2017-07-29,13.11,0.0,36.21
2017-07-30,10.540000000000001,0.0,27.729999999999997
2017-07-31,14.620000000000001,0.0,33.37
2017-08-01,19.380000000000003,0.0,30.08
2017-08-02,22.78,11.700000000000001,29.61
2017-08-03,22.78,0.0,30.549999999999997
2017-08-04,19.720000000000002,0.0,32.43
2017-08-05,13.600000000000001,0.0,25.38
2017-08-06,22.0,0.0,31.720000000000002
2017-08-07,22.400000000000002,0.0,32.24
2017-08-08,25.6,12.88,32.76
2017-08-09,22.0,13.160000000000002,36.4
2017-08-10,27.200000000000003,0.0,37.44
2017-08-11,25.200000000000003,14.000000000000002,35.88
2017-08-12,11.600000000000001,0.0,31.200000000000003
2017-08-13,15.48,0.0,33.64
2017-08-14,30.53,13.440000000000001,37.699999999999996
2017-08-15,24.509999999999998,0.0,42.339999999999996
2017-08-16,27.52,0.0,41.76
2017-08-17,33.11,13.580000000000002,44.66
2017-08-18,35.69,0.0,45.82
2017-08-19,13.76,0.0,35.379999999999995
2017-08-20,13.629999999999999,0.0,40.87
2017-08-21,33.839999999999996,0.0,41.48
2017-08-22,39.949999999999996,0.0,57.339999999999996
2017-08-23,30.08,0.0,57.949999999999996
2017-08-24,45.12,0.0,52.46
2017-08-25,35.72,0.0,50.019999999999996
2017-08-26,22.09,0.0,40.26
2017-08-27,19.6,0.0,40.95
2017-08-28,36.26,0.0,50.7
2017-08-29,46.55,0.0,59.800000000000004
2017-08-30,39.2,0.0,65.0
2017-08-31,49.0,0.0,63.7
2017-09-01,30.87,0.0,46.800000000000004
2017-09-02,15.68,0.0,37.7
2017-09-03,22.540000000000003,0.0,32.64
2017-09-04,15.64,0.0,39.68
2017-09-05,33.120000000000005,0.0,50.56
2017-09-06,26.220000000000002,0.0,56.32
2017-09-07,30.360000000000003,0.0,58.24
2017-09-08,36.800000000000004,0.0,52.480000000000004
2017-09-09,11.5,0.0,33.92
2017-09-10,22.57,0.0,40.870000000000005
2017-09-11,44.53,0.0,54.27
2017-09-12,44.53,12.74,61.64
2017-09-13,56.12,12.74,59.63
2017-09-14,47.58,0.0,62.31
2017-09-15,46.36,0.0,50.92
2017-09-16,21.96,0.0,40.2
2017-09-17,22.229999999999997,0.0,46.9
2017-09-18,42.18,0.0,62.99999999999999
2017-09-19,39.9,0.0,61.599999999999994
2017-09-20,46.169999999999995,62.72,63.699999999999996
2017-09-21,43.88999999999999,64.0,65.8
2017-09-22,50.73,0.0,56.0
2017-09-23,28.499999999999996,0.0,42.0
2017-09-24,19.52,0.0,46.23
2017-09-25,42.699999999999996,0.0,52.44
2017-09-26,53.68,0.0,61.41
2017-09-27,61.0,0.0,69.0
2017-09-28,56.73,0.0,60.72
2017-09-29,45.75,0.0,57.269999999999996
2017-09-30,24.4,0.0,38.64
2017-10-01,21.45,0.0,43.56
2017-10-02,41.6,0.0,47.52
2017-10-03,37.050000000000004,0.0,54.78
2017-10-04,39.65,0.0,65.34
2017-10-05,46.800000000000004,24.75,58.74
2017-10-06,40.95,12.5,52.800000000000004
2017-10-07,16.25,0.0,42.9
2017-10-08,21.78,0.0,40.32
2017-10-09,35.64,0.0,46.62
2017-10-10,34.32,0.0,55.44
2017-10-11,46.86,0.0,56.7
2017-10-12,48.18,30.72,51.03
2017-10-13,36.300000000000004,64.0,45.99
2017-10-14,17.82,0.0,41.58
2017-10-15,20.77,0.0,48.3
2017-10-16,40.870000000000005,0.0,60.199999999999996
2017-10-17,39.53,0.0,61.599999999999994
2017-10-18,41.54,0.0,60.9
2017-10-19,46.900000000000006,0.0,70.0
2017-10-20,44.220000000000006,0.0,57.4
2017-10-21,20.1,0.0,45.5
2017-10-22,15.62,0.0,49.0
2017-10-23,43.309999999999995,0.0,57.4
2017-10-24,49.699999999999996,0.0,66.5
2017-10-25,45.44,0.0,64.39999999999999
2017-10-26,65.32,0.0,67.89999999999999
2017-10-27,71.0,0.0,56.0
2017-10-28,24.14,0.0,43.4
2017-10-29,19.84,0.0,42.699999999999996
2017-10-30,37.82,12.610000000000001,49.41
2017-10-31,35.96,0.0,44.53
2017-11-01,62.0,0.0,53.07
2017-11-02,44.64,0.0,53.07
2017-11-03,53.94,11.18,57.339999999999996
2017-11-04,19.22,0.0,40.87
2017-11-05,28.06,0.0,42.9
2017-11-06,57.949999999999996,0.0,54.6
2017-11-07,36.6,0.0,62.400000000000006
2017-11-08,45.14,31.92,65.0
2017-11-09,42.699999999999996,31.54,55.9
2017-11-10,23.79,0.0,46.15
2017-11-11,14.03,38.0,47.45
2017-11-12,28.4,0.0,45.99
2017-11-13,63.19,0.0,54.81
2017-11-14,64.61,0.0,59.22
2017-11-15,68.16,0.0,49.77
2017-11-16,56.8,0.0,53.55
2017-11-17,56.8,0.0,52.29
2017-11-18,29.11,0.0,37.17
2017-11-19,12.709999999999999,0.0,33.92
2017-11-20,29.11,0.0,40.81
2017-11-21,26.65,0.0,41.870000000000005
2017-11-22,17.63,0.0,36.57
2017-11-23,18.45,0.0,32.86
2017-11-24,17.22,0.0,30.21
2017-11-25,10.25,0.0,33.39
2017-11-26,19.53,0.0,34.16
2017-11-27,42.21,0.0,54.9
2017-11-28,51.03,0.0,51.85
2017-11-29,59.22,0.0,57.949999999999996
2017-11-30,37.8,0.0,57.339999999999996
2017-12-01,47.25,0.0,58.56
2017-12-02,34.02,11.04,47.58
2017-12-03,21.78,0.0,41.89
2017-12-04,66.0,0.0,56.64
2017-12-05,52.14,8.879999999999999,57.82
2017-12-06,64.68,0.0,53.099999999999994
2017-12-07,54.78,0.0,55.459999999999994
2017-12-08,58.74,0.0,46.019999999999996
2017-12-09,25.740000000000002,0.0,38.35
2017-12-10,33.37,0.0,48.64
2017-12-11,64.61,0.0,49.92
2017-12-12,63.19,0.0,64.0
2017-12-13,59.64,0.0,62.08
2017-12-14,61.059999999999995,0.0,60.800000000000004
2017-12-15,70.28999999999999,0.0,60.800000000000004
2017-12-16,34.79,0.0,45.44
2017-12-17,22.55,0.0,35.64
2017-12-18,49.50000000000001,10.27,46.440000000000005
2017-12-19,46.75000000000001,0.0,46.440000000000005
2017-12-20,43.45,10.66,45.36
2017-12-21,26.400000000000002,0.0,46.980000000000004
2017-12-22,26.950000000000003,11.57,37.800000000000004
2017-12-23,17.6,0.0,37.260000000000005
2017-12-24,12.95,0.0,28.35
2017-12-25,10.85,0.0,29.7
2017-12-26,18.9,0.0,26.55
2017-12-27,18.2,0.0,27.900000000000002
2017-12-28,16.799999999999997,0.0,27.0
2017-12-29,15.049999999999999,0.0,31.95
2017-12-30,11.2,0.0,29.25
2017-12-31,15.989999999999998,0.0,33.660000000000004
2018-01-01,18.04,0.0,27.54
2018-01-02,21.32,26.0,33.15
2018-01-03,27.88,0.0,40.8
2018-01-04,26.65,0.0,36.72
2018-01-05,26.24,0.0,38.76
2018-01-06,14.76,0.0,31.62
2018-01-07,23.4,0.0,37.169999999999995
2018-01-08,36.6,35.15,47.79
2018-01-09,48.0,34.78,51.919999999999995
2018-01-10,49.199999999999996,0.0,51.919999999999995
2018-01-11,50.4,0.0,47.199999999999996
2018-01-12,42.0,0.0,44.839999999999996
2018-01-13,20.4,0.0,37.76
2018-01-14,16.0,0.0,34.22
2018-01-15,22.0,0.0,34.809999999999995
2018-01-16,48.0,12.22,47.199999999999996
2018-01-17,38.0,0.0,48.97
2018-01-18,31.0,12.48,55.459999999999994
2018-01-19,37.5,0.0,48.379999999999995
2018-01-20,18.5,0.0,34.22
2018-01-21,31.62,0.0,49.4
2018-01-22,53.32,0.0,55.9
2018-01-23,62.0,46.5,57.85
2018-01-24,59.519999999999996,0.0,64.35000000000001
2018-01-25,52.7,0.0,65.0
2018-01-26,47.12,48.0,57.2
2018-01-27,25.419999999999998,0.0,47.45
2018-01-28,35.550000000000004,0.0,50.92
2018-01-29,55.300000000000004,0.0,61.64
2018-01-30,70.31,0.0,62.980000000000004
2018-01-31,72.68,35.15,62.31
2018-02-01,79.0,37.0,64.32000000000001
2018-02-02,78.21000000000001,19.24,59.63
2018-02-03,30.810000000000002,0.0,44.220000000000006
2018-02-04,25.84,0.0,43.92
2018-02-05,47.12,35.89,53.28
2018-02-06,69.16,18.5,69.12
2018-02-07,51.68,18.5,62.64
2018-02-08,59.28,18.5,57.599999999999994
2018-02-09,55.480000000000004,18.87,62.64
2018-02-10,25.080000000000002,0.0,72.0
2018-02-11,19.47,0.0,44.800000000000004
2018-02-12,31.86,0.0,54.4
2018-02-13,38.35,12.0,56.96
2018-02-14,39.53,0.0,59.52
2018-02-15,41.89,0.0,56.96
2018-02-16,38.35,0.0,59.52
2018-02-17,17.11,0.0,37.76
2018-02-18,14.000000000000002,0.0,43.47
2018-02-19,21.840000000000003,0.0,45.36
2018-02-20,34.160000000000004,0.0,54.18
2018-02-21,40.32000000000001,0.0,54.18
2018-02-22,36.96,0.0,44.73
2018-02-23,29.120000000000005,12.24,47.25
2018-02-24,17.92,14.399999999999999,39.69
2018-02-25,17.4,21.24,44.2
2018-02-26,37.199999999999996,0.0,59.160000000000004
2018-02-27,39.0,0.0,55.080000000000005
2018-02-28,43.199999999999996,18.0,56.440000000000005
2018-03-01,50.4,28.439999999999998,60.52
2018-03-02,57.0,0.0,63.92
2018-03-03,17.4,0.0,45.56
2018-03-04,16.8,0.0,46.72
2018-03-05,40.88,0.0,49.92
2018-03-06,49.28,0.0,64.0
2018-03-07,40.32000000000001,0.0,62.72
2018-03-08,50.96000000000001,9.959999999999999,58.24
2018-03-09,48.720000000000006,0.0,60.800000000000004
2018-03-10,21.840000000000003,11.879999999999999,43.52
2018-03-11,17.82,0.0,47.25
2018-03-12,48.6,0.0,50.4
2018-03-13,42.660000000000004,0.0,50.4
2018-03-14,37.260000000000005,0.0,56.07
2018-03-15,51.84,19.919999999999998,51.660000000000004
2018-03-16,39.96,20.4,50.4
2018-03-17,19.44,23.759999999999998,45.36
2018-03-18,17.92,0.0,41.48
2018-03-19,53.76,20.75,56.73
2018-03-20,64.0,20.5,56.12
2018-03-21,53.76,0.0,56.73
2018-03-22,55.04,0.0,57.339999999999996
2018-03-23,51.84,22.0,54.29
2018-03-24,21.76,0.0,39.65
2018-03-25,25.92,13.0,43.88999999999999
2018-03-26,49.68000000000001,10.92,46.169999999999995
2018-03-27,45.900000000000006,10.92,48.449999999999996
2018-03-28,48.6,0.0,44.459999999999994
2018-03-29,49.68000000000001,0.0,42.74999999999999
2018-03-30,24.3,12.09,38.76
2018-03-31,18.900000000000002,0.0,32.489999999999995
2018-04-01,14.03,0.0,33.64
2018-04-02,26.84,0.0,43.5
2018-04-03,35.38,0.0,50.459999999999994
2018-04-04,34.16,0.0,45.82
2018-04-05,26.23,12.5,49.879999999999995
2018-04-06,26.84,0.0,42.339999999999996
2018-04-07,20.74,0.0,37.699999999999996
2018-04-08,8.25,0.0,35.379999999999995
2018-04-09,29.700000000000003,0.0,49.879999999999995
2018-04-10,30.250000000000004,0.0,51.04
2018-04-11,29.150000000000002,0.0,48.72
2018-04-12,26.950000000000003,0.0,44.66
2018-04-13,29.150000000000002,0.0,44.08
2018-04-14,4.95,0.0,35.96
2018-04-15,13.86,0.0,35.339999999999996
2018-04-16,28.98,0.0,45.029999999999994
2018-04-17,30.240000000000002,0.0,43.88999999999999
2018-04-18,35.910000000000004,0.0,49.019999999999996
2018-04-19,34.02,0.0,49.019999999999996
2018-04-20,32.13,0.0,44.459999999999994
2018-04-21,22.68,0.0,33.059999999999995
2018-04-22,16.72,0.0,48.989999999999995
2018-04-23,76.0,0.0,64.86
2018-04-24,66.12,12.0,69.0
2018-04-25,50.160000000000004,0.0,63.48
2018-04-26,50.160000000000004,0.0,61.41
2018-04-27,39.52,0.0,56.58
2018-04-28,22.8,0.0,40.709999999999994
2018-04-29,14.26,0.0,39.0
2018-04-30,45.26,0.0,45.0
2018-05-01,46.5,0.0,52.8
2018-05-02,55.8,0.0,52.8
2018-05-03,55.18,0.0,58.199999999999996
2018-05-04,50.22,0.0,54.6
2018-05-05,24.8,0.0,30.599999999999998
2018-05-06,26.599999999999998,0.0,42.0
2018-05-07,66.5,0.0,52.8
2018-05-08,70.0,18.62,55.8
2018-05-09,65.1,0.0,50.4
2018-05-10,67.89999999999999,19.0,58.199999999999996
2018-05-11,59.49999999999999,0.0,52.8
2018-05-12,29.4,0.0,46.8
2018-05-13,24.32,0.0,40.019999999999996
2018-05-14,57.6,0.0,48.13999999999999
2018-05-15,57.6,6.5,49.3
2018-05-16,53.76,0.0,49.879999999999995
2018-05-17,44.800000000000004,0.0,57.99999999999999
2018-05-18,46.08,0.0,49.3
2018-05-19,19.2,0.0,33.64
2018-05-20,24.599999999999998,0.0,32.400000000000006
2018-05-21,52.199999999999996,0.0,48.06
2018-05-22,44.4,0.0,41.580000000000005
2018-05-23,52.8,0.0,44.28
2018-05-24,47.4,0.0,50.760000000000005
2018-05-25,36.0,0.0,46.980000000000004
2018-05-26,22.2,8.19,32.400000000000006
2018-05-27,16.0,0.0,37.800000000000004
2018-05-28,20.0,0.0,31.32
2018-05-29,34.5,0.0,49.68000000000001
2018-05-30,37.5,40.0,52.38
2018-05-31,33.0,0.0,42.660000000000004
2018-06-01,47.5,0.0,46.440000000000005
2018-06-02,17.0,0.0,39.96
2018-06-03,15.680000000000001,0.0,36.4
2018-06-04,45.92,0.0,46.800000000000004
2018-06-05,39.2,0.0,52.0
2018-06-06,53.2,0.0,47.32
2018-06-07,56.00000000000001,0.0,45.760000000000005
2018-06-08,44.24,0.0,40.04
2018-06-09,15.680000000000001,0.0,35.88
2018-06-10,13.53,0.0,42.120000000000005
2018-06-11,23.779999999999998,0.0,40.56
2018-06-12,27.88,0.0,48.36
2018-06-13,27.88,0.0,45.24
2018-06-14,30.749999999999996,0.0,47.84
2018-06-15,22.139999999999997,0.0,39.52
2018-06-16,13.53,0.0,41.6
2018-06-17,12.6,0.0,46.5
2018-06-18,26.459999999999997,12.35,44.5
2018-06-19,25.619999999999997,0.0,45.5
2018-06-20,27.3,12.48,44.5
2018-06-21,26.04,0.0,44.5
2018-06-22,22.259999999999998,0.0,41.5
2018-06-23,14.28,0.0,33.0
2018-06-24,12.16,0.0,39.2
2018-06-25,20.9,0.0,35.28
2018-06-26,20.14,0.0,40.67
2018-06-27,25.080000000000002,0.0,45.57
2018-06-28,26.6,0.0,44.1
2018-06-29,14.82,0.0,37.73
2018-06-30,16.72,0.0,39.2
2018-07-01,5.89,0.0,38.07
2018-07-02,11.47,0.0,37.129999999999995
2018-07-03,10.54,0.0,34.78
2018-07-04,6.51,0.0,34.78
2018-07-05,10.85,0.0,36.66
2018-07-06,12.4,0.0,36.19
2018-07-07,8.37,0.0,35.25
2018-07-08,8.049999999999999,0.0,30.82
2018-07-09,14.7,0.0,38.18
2018-07-10,15.399999999999999,0.0,34.04
2018-07-11,15.049999999999999,0.0,38.64
2018-07-12,14.7,0.0,37.72
2018-07-13,15.049999999999999,0.0,32.660000000000004
2018-07-14,7.0,0.0,32.660000000000004
2018-07-15,11.76,0.0,28.35
2018-07-16,19.32,0.0,34.65
2018-07-17,16.8,0.0,40.5
2018-07-18,25.2,0.0,38.25
2018-07-19,18.48,0.0,36.45
2018-07-20,15.54,0.0,32.85
2018-07-21,9.24,40.0,29.7
2018-07-22,12.18,0.0,33.660000000000004
2018-07-23,53.94,0.0,44.37
2018-07-24,57.99999999999999,11.05,51.0
2018-07-25,39.44,0.0,42.33
2018-07-26,35.96,0.0,43.86
2018-07-27,28.419999999999998,0.0,42.33
2018-07-28,13.919999999999998,0.0,35.19
2018-07-29,13.2,0.0,34.32
2018-07-30,20.68,0.0,46.800000000000004
2018-07-31,23.76,0.0,42.120000000000005
2018-08-01,24.64,13.0,30.16
2018-08-02,29.04,26.0,34.84
2018-08-03,25.52,0.0,27.560000000000002
2018-08-04,11.44,0.0,26.52
2018-08-05,10.4,0.0,31.720000000000002
2018-08-06,21.6,13.26,29.64
2018-08-07,30.8,0.0,30.16
2018-08-08,25.6,0.0,31.720000000000002
2018-08-09,25.200000000000003,0.0,30.16
2018-08-10,20.400000000000002,0.0,35.88
2018-08-11,10.8,0.0,27.560000000000002
2018-08-12,18.0,0.0,29.5
2018-08-13,28.35,0.0,41.89
2018-08-14,24.75,0.0,37.76
2018-08-15,28.35,13.26,39.53
2018-08-16,30.150000000000002,0.0,44.25
2018-08-17,24.3,13.26,48.97
2018-08-18,14.4,0.0,30.68
2018-08-19,7.65,0.0,36.720000000000006
2018-08-20,26.01,0.0,49.64
2018-08-21,42.84,0.0,55.080000000000005
2018-08-22,28.05,0.0,60.52
2018-08-23,35.19,0.0,56.440000000000005
2018-08-24,33.660000000000004,0.0,51.68000000000001
2018-08-25,27.03,0.0,40.120000000000005
2018-08-26,13.200000000000001,0.0,44.64
2018-08-27,39.050000000000004,0.0,64.08
2018-08-28,40.7,0.0,72.0
2018-08-29,55.00000000000001,12.25,64.8
2018-08-30,51.150000000000006,12.5,69.84
2018-08-31,46.75000000000001,12.75,61.199999999999996
2018-09-01,18.150000000000002,0.0,41.76
2018-09-02,21.73,0.0,37.949999999999996
2018-09-03,13.25,0.0,46.919999999999995
2018-09-04,36.04,7.28,57.959999999999994
2018-09-05,45.580000000000005,0.0,62.78999999999999
2018-09-06,37.63,0.0,67.61999999999999
2018-09-07,50.35,7.41,62.78999999999999
2018-09-08,18.55,8.58,40.019999999999996
2018-09-09,21.08,0.0,43.199999999999996
2018-09-10,49.6,0.0,59.04
2018-09-11,52.7,0.0,59.76
2018-09-12,57.04,6.6,70.56
2018-09-13,56.42,0.0,65.52
2018-09-14,47.12,0.0,59.04
2018-09-15,16.12,0.0,46.8
2018-09-16,26.88,33.0,48.3
2018-09-17,55.04,28.0,69.0
2018-09-18,56.32,27.5,62.78999999999999
2018-09-19,48.64,28.5,64.17
2018-09-20,60.160000000000004,28.0,60.72
2018-09-21,64.0,0.0,51.059999999999995
2018-09-22,24.96,34.5,46.23
2018-09-23,20.74,13.0,42.84
2018-09-24,60.39,7.28,61.88
2018-09-25,44.53,7.28,61.2
2018-09-26,54.29,7.28,54.400000000000006
2018-09-27,57.339999999999996,7.41,57.800000000000004
2018-09-28,57.339999999999996,0.0,48.96
2018-09-29,28.06,0.0,37.400000000000006
2018-09-30,28.12,0.0,44.099999999999994
2018-10-01,45.88,0.0,62.99999999999999
2018-10-02,47.36,0.0,63.699999999999996
2018-10-03,40.7,0.0,66.5
2018-10-04,47.36,0.0,60.199999999999996
2018-10-05,47.36,16.34,56.699999999999996
2018-10-06,23.68,19.38,39.9
2018-10-07,17.939999999999998,0.0,42.089999999999996
2018-10-08,41.4,0.0,54.51
2018-10-09,47.61,0.0,60.029999999999994
2018-10-10,41.4,0.0,62.099999999999994
2018-10-11,60.72,0.0,59.339999999999996
2018-10-12,46.23,0.0,55.199999999999996
2018-10-13,13.799999999999999,0.0,41.4
2018-10-14,12.73,0.0,36.300000000000004
2018-10-15,37.52,0.0,58.080000000000005
2018-10-16,48.24,10.92,56.1
2018-10-17,42.88,10.92,55.440000000000005
2018-10-18,45.56,0.0,57.42
2018-10-19,40.870000000000005,0.0,52.14
2018-10-20,16.080000000000002,0.0,40.260000000000005
2018-10-21,15.4,12.5,40.260000000000005
2018-10-22,53.13,0.0,56.1
2018-10-23,66.22,0.0,57.42
2018-10-24,53.13,0.0,53.46
2018-10-25,77.0,21.25,66.0
2018-10-26,53.13,11.0,57.42
2018-10-27,20.02,0.0,35.64
2018-10-28,14.7,0.0,37.21
2018-10-29,39.199999999999996,0.0,49.41
2018-10-30,48.3,0.0,50.019999999999996
2018-10-31,50.4,0.0,46.36
2018-11-01,70.0,0.0,55.51
2018-11-02,62.3,0.0,57.339999999999996
2018-11-03,18.2,0.0,44.53
2018-11-04,12.54,0.0,38.86
2018-11-05,46.739999999999995,0.0,55.099999999999994
2018-11-06,41.04,0.0,53.94
2018-11-07,31.919999999999998,0.0,46.98
2018-11-08,40.47,0.0,50.459999999999994
2018-11-09,47.309999999999995,0.0,51.04
2018-11-10,10.829999999999998,0.0,35.96
2018-11-11,14.08,0.0,41.3
2018-11-12,41.6,0.0,44.839999999999996
2018-11-13,48.64,0.0,56.05
2018-11-14,41.6,20.75,57.82
2018-11-15,40.96,20.25,54.87
2018-11-16,44.800000000000004,0.0,53.099999999999994
2018-11-17,18.56,25.0,41.89
2018-11-18,9.68,0.0,36.0
2018-11-19,32.56,10.92,38.4
2018-11-20,33.0,0.0,36.48
2018-11-21,18.92,11.700000000000001,32.64
2018-11-22,7.92,0.0,27.36
2018-11-23,13.2,0.0,29.759999999999998
2018-11-24,11.0,0.0,32.64
2018-11-25,10.44,0.0,43.47
2018-11-26,39.44,0.0,54.18
2018-11-27,41.18,18.96,60.480000000000004
2018-11-28,45.82,0.0,63.0
2018-11-29,38.279999999999994,0.0,57.33
2018-11-30,34.22,0.0,56.07
2018-12-01,19.139999999999997,23.04,45.36
2018-12-02,17.25,0.0,39.44
2018-12-03,62.78999999999999,0.0,51.04
2018-12-04,60.029999999999994,0.0,57.99999999999999
2018-12-05,56.58,0.0,54.519999999999996
2018-12-06,65.55,0.0,51.04
2018-12-07,60.72,0.0,49.3
2018-12-08,22.08,0.0,36.54
2018-12-09,16.25,24.0,38.279999999999994
2018-12-10,61.1,20.75,45.82
2018-12-11,53.300000000000004,0.0,56.26
2018-12-12,65.0,21.0,52.199999999999996
2018-12-13,57.2,21.0,50.459999999999994
2018-12-14,55.9,0.0,50.459999999999994
2018-12-15,20.150000000000002,0.0,37.699999999999996
2018-12-16,16.82,0.0,35.379999999999995
2018-12-17,44.08,0.0,45.82
2018-12-18,52.199999999999996,0.0,48.13999999999999
2018-12-19,41.76,0.0,50.459999999999994
2018-12-20,40.019999999999996,0.0,45.239999999999995
2018-12-21,34.22,0.0,41.18
2018-12-22,16.24,0.0,34.22
2018-12-23,9.719999999999999,0.0,26.1
2018-12-24,16.56,0.0,29.25
2018-12-25,11.16,0.0,31.05
2018-12-26,15.12,13.860000000000001,28.35
2018-12-27,14.04,0.0,25.2
2018-12-28,12.6,0.0,29.25
2018-12-29,8.64,14.000000000000002,25.650000000000002
2018-12-30,10.0,0.0,30.6
2018-12-31,9.600000000000001,0.0,34.17
2019-01-01,11.600000000000001,0.0,33.15
2019-01-02,18.8,0.0,37.74
2019-01-03,31.200000000000003,0.0,37.74
2019-01-04,28.400000000000002,0.0,42.33
2019-01-05,8.8,0.0,34.17
2019-01-06,20.88,0.0,35.91
2019-01-07,37.12,0.0,45.599999999999994
2019-01-08,40.599999999999994,0.0,48.449999999999996
2019-01-09,57.99999999999999,24.75,52.44
2019-01-10,41.18,0.0,55.85999999999999
2019-01-11,53.94,25.0,47.309999999999995
2019-01-12,15.079999999999998,0.0,34.769999999999996
2019-01-13,17.4,0.0,37.199999999999996
2019-01-14,49.199999999999996,0.0,46.8
2019-01-15,53.4,0.0,51.6
2019-01-16,45.6,0.0,52.199999999999996
2019-01-17,59.4,0.0,51.0
2019-01-18,40.199999999999996,0.0,46.8
2019-01-19,20.4,0.0,37.199999999999996
2019-01-20,10.4,0.0,34.22
2019-01-21,18.2,11.879999999999999,36.54
2019-01-22,34.84,0.0,48.72
2019-01-23,36.4,0.0,57.99999999999999
2019-01-24,46.800000000000004,0.0,57.419999999999995
2019-01-25,44.2,11.76,53.94
2019-01-26,23.400000000000002,0.0,35.96
2019-01-27,12.0,0.0,39.06
2019-01-28,46.8,24.25,56.7
2019-01-29,42.6,0.0,59.85
2019-01-30,45.0,0.0,58.59
2019-01-31,58.8,0.0,58.59
2019-02-01,42.0,0.0,50.4
2019-02-02,17.4,25.0,39.06
2019-02-03,15.600000000000001,11.639999999999999,45.56
2019-02-04,75.66,9.6,55.760000000000005
2019-02-05,78.0,9.959999999999999,63.92
2019-02-06,63.96,0.0,68.0
2019-02-07,55.38,0.0,54.400000000000006
2019-02-08,61.620000000000005,10.08,56.440000000000005
2019-02-09,20.28,0.0,40.800000000000004
2019-02-10,11.200000000000001,0.0,30.599999999999998
2019-02-11,28.560000000000002,19.2,46.199999999999996
2019-02-12,36.400000000000006,19.68,49.199999999999996
2019-02-13,42.00000000000001,0.0,48.6
2019-02-14,40.32000000000001,0.0,50.4
2019-02-15,30.240000000000002,0.0,48.0
2019-02-16,13.440000000000001,0.0,37.199999999999996
2019-02-17,10.78,11.76,36.6
2019-02-18,17.64,0.0,43.92
2019-02-19,25.97,0.0,46.36
2019-02-20,24.99,10.08,48.19
2019-02-21,28.91,0.0,49.41
2019-02-22,26.95,0.0,50.019999999999996
2019-02-23,9.8,0.0,35.38
2019-02-24,18.27,0.0,33.629999999999995
2019-02-25,34.02,0.0,47.199999999999996
2019-02-26,47.25,29.52,46.019999999999996
2019-02-27,38.43,0.0,43.66
2019-02-28,39.69,29.52,43.66
2019-03-01,56.07,16.919999999999998,54.87
2019-03-02,23.31,20.16,41.3
2019-03-03,25.35,0.0,43.07
2019-03-04,54.6,23.52,56.64
2019-03-05,58.5,0.0,54.87
2019-03-06,63.050000000000004,0.0,59.0
2019-03-07,55.25,0.0,54.87
2019-03-08,52.65,24.5,57.23
2019-03-09,17.55,0.0,43.66
2019-03-10,17.669999999999998,0.0,41.18
2019-03-11,41.04,17.759999999999998,53.36
2019-03-12,46.169999999999995,0.0,57.99999999999999
2019-03-13,56.42999999999999,0.0,52.779999999999994
2019-03-14,46.739999999999995,17.759999999999998,54.519999999999996
2019-03-15,45.599999999999994,18.13,49.879999999999995
2019-03-16,19.95,0.0,40.019999999999996
2019-03-17,23.4,0.0,37.52
2019-03-18,47.4,0.0,54.88
2019-03-19,60.0,0.0,54.88
2019-03-20,57.0,13.0,51.52
2019-03-21,57.599999999999994,0.0,50.400000000000006
2019-03-22,44.4,0.0,47.040000000000006
2019-03-23,22.8,0.0,35.84
2019-03-24,15.9,0.0,39.42
2019-03-25,45.050000000000004,0.0,51.300000000000004
2019-03-26,46.64,0.0,50.760000000000005
2019-03-27,39.75,12.75,51.300000000000004
2019-03-28,41.34,12.25,52.38
2019-03-29,31.270000000000003,0.0,43.2
2019-03-30,22.26,0.0,33.480000000000004
2019-03-31,16.47,0.0,35.339999999999996
2019-04-01,32.33,0.0,41.04
2019-04-02,28.669999999999998,25.0,44.459999999999994
2019-04-03,29.89,0.0,40.47
2019-04-04,25.62,0.0,46.169999999999995
2019-04-05,29.28,0.0,41.04
2019-04-06,12.81,0.0,31.349999999999998
2019-04-07,8.12,0.0,33.64
2019-04-08,38.86,4.08,51.04
2019-04-09,35.379999999999995,0.0,42.919999999999995
2019-04-10,32.48,4.08,42.919999999999995
2019-04-11,27.259999999999998,7.92,40.599999999999994
2019-04-12,32.48,4.2,47.559999999999995
2019-04-13,16.24,0.0,27.259999999999998
2019-04-14,9.8,0.0,31.35
2019-04-15,16.66,4.42,37.400000000000006
2019-04-16,21.56,0.0,42.35
2019-04-17,19.6,0.0,40.150000000000006
2019-04-18,21.07,0.0,39.050000000000004
2019-04-19,10.78,0.0,29.150000000000002
2019-04-20,11.27,5.46,30.250000000000004
2019-04-21,8.16,0.0,34.1
2019-04-22,22.44,0.0,41.25
2019-04-23,21.93,0.0,47.300000000000004
2019-04-24,22.95,9.1,42.900000000000006
2019-04-25,24.990000000000002,0.0,45.1
2019-04-26,28.560000000000002,0.0,40.7
2019-04-27,14.280000000000001,0.0,27.500000000000004
2019-04-28,18.06,0.0,30.5
2019-04-29,79.12,0.0,54.29
2019-04-30,86.0,0.0,61.0
2019-05-01,86.0,0.0,61.0
2019-05-02,84.28,0.0,51.24
2019-05-03,63.64,0.0,51.85
2019-05-04,31.82,0.0,36.6
2019-05-05,15.34,0.0,34.22
2019-05-06,50.739999999999995,0.0,51.919999999999995
2019-05-07,45.43,0.0,48.379999999999995
2019-05-08,54.87,0.0,57.82
2019-05-09,35.989999999999995,0.0,50.15
2019-05-10,50.15,0.0,45.43
2019-05-11,15.34,0.0,33.629999999999995
2019-05-12,10.559999999999999,0.0,43.5
2019-05-13,35.04,0.0,44.66
2019-05-14,42.239999999999995,0.0,51.04
2019-05-15,33.6,0.0,50.459999999999994
2019-05-16,34.56,0.0,56.26
2019-05-17,36.48,0.0,52.199999999999996
2019-05-18,16.32,0.0,34.8
2019-05-19,13.77,0.0,38.64
2019-05-20,38.76,0.0,43.68000000000001
2019-05-21,38.76,0.0,49.28
2019-05-22,31.11,0.0,53.760000000000005
2019-05-23,35.7,0.0,49.28
2019-05-24,27.54,0.0,44.800000000000004
2019-05-25,20.91,0.0,32.480000000000004
2019-05-26,13.33,0.0,30.16
2019-05-27,16.34,0.0,28.6
2019-05-28,25.8,0.0,46.800000000000004
2019-05-29,22.36,0.0,40.04
2019-05-30,30.53,0.0,39.0
2019-05-31,25.8,0.0,39.52
2019-06-01,22.36,7.67,37.44
2019-06-02,23.939999999999998,0.0,31.9
2019-06-03,54.72,0.0,48.13999999999999
2019-06-04,56.99999999999999,0.0,38.279999999999994
2019-06-05,38.19,0.0,57.99999999999999
2019-06-06,39.33,0.0,56.26
2019-06-07,38.76,0.0,42.339999999999996
2019-06-08,21.09,0.0,34.8
2019-06-09,14.7,0.0,33.0
2019-06-10,29.82,0.0,36.0
2019-06-11,34.44,0.0,34.5
2019-06-12,28.14,0.0,33.0
2019-06-13,26.88,0.0,35.5
2019-06-14,21.0,0.0,29.5
2019-06-15,12.6,0.0,29.0
2019-06-16,14.399999999999999,0.0,28.32
2019-06-17,22.68,0.0,29.759999999999998
2019-06-18,23.759999999999998,6.37,36.48
2019-06-19,18.72,0.0,34.08
2019-06-20,18.72,0.0,31.2
2019-06-21,17.28,6.63,33.6
2019-06-22,15.84,0.0,26.88
2019-06-23,15.54,0.0,35.769999999999996
2019-06-24,22.2,0.0,35.28
2019-06-25,19.98,0.0,33.32
2019-06-26,22.2,0.0,30.38
2019-06-27,15.17,0.0,31.849999999999998
2019-06-28,18.5,0.0,30.87
2019-06-29,11.1,0.0,25.48
2019-06-30,15.3,0.0,23.32
2019-07-01,18.02,0.0,36.96
2019-07-02,17.0,0.0,34.32
2019-07-03,13.940000000000001,0.0,38.28
2019-07-04,10.540000000000001,0.0,31.68
2019-07-05,15.3,0.0,33.88
2019-07-06,10.540000000000001,0.0,32.12
2019-07-07,8.74,0.0,35.42
2019-07-08,13.68,0.0,39.56
2019-07-09,16.34,0.0,43.7
2019-07-10,14.82,0.0,33.58
2019-07-11,20.52,0.0,36.800000000000004
2019-07-12,19.38,0.0,39.56
2019-07-13,17.86,0.0,32.660000000000004
2019-07-14,14.879999999999999,0.0,41.82
2019-07-15,12.4,0.0,44.88
2019-07-16,15.19,0.0,48.96
2019-07-17,14.879999999999999,0.0,40.8
2019-07-18,6.51,0.0,43.86
2019-07-19,11.47,0.0,40.29
2019-07-20,10.85,0.0,40.8
2019-07-21,9.200000000000001,0.0,36.96
2019-07-22,18.8,0.0,40.32
2019-07-23,16.8,0.0,44.16
2019-07-24,15.600000000000001,39.0,42.72
2019-07-25,27.200000000000003,38.61,48.0
2019-07-26,40.0,0.0,46.08
2019-07-27,15.200000000000001,0.0,33.6
2019-07-28,5.44,0.0,31.02
2019-07-29,13.940000000000001,0.0,39.48
2019-07-30,12.58,0.0,41.36
2019-07-31,16.32,0.0,39.48
2019-08-01,23.46,0.0,23.97
2019-08-02,21.080000000000002,0.0,24.91
2019-08-03,9.520000000000001,0.0,21.15
2019-08-04,10.149999999999999,0.0,22.08
2019-08-05,17.4,0.0,24.96
2019-08-06,19.139999999999997,0.0,28.799999999999997
2019-08-07,20.299999999999997,0.0,27.84
2019-08-08,17.11,0.0,27.36
2019-08-09,13.629999999999999,0.0,30.24
2019-08-10,6.959999999999999,0.0,23.04
2019-08-11,13.299999999999999,25.0,27.36
2019-08-12,25.2,0.0,31.919999999999998
2019-08-13,25.2,0.0,37.05
2019-08-14,26.599999999999998,0.0,38.19
2019-08-15,33.599999999999994,0.0,43.31999999999999
2019-08-16,23.099999999999998,21.25,39.9
2019-08-17,14.7,0.0,31.919999999999998
2019-08-18,19.6,0.0,42.25
2019-08-19,26.0,0.0,42.25
2019-08-20,33.2,0.0,54.6
2019-08-21,34.800000000000004,0.0,57.2
2019-08-22,28.0,0.0,55.25
2019-08-23,34.800000000000004,0.0,50.7
2019-08-24,22.400000000000002,0.0,39.65
2019-08-25,17.64,0.0,40.709999999999994
2019-08-26,44.589999999999996,0.0,46.23
2019-08-27,39.2,0.0,59.339999999999996
2019-08-28,49.0,9.719999999999999,64.17
2019-08-29,46.06,0.0,69.0
2019-08-30,47.04,9.48,51.74999999999999
2019-08-31,20.09,0.0,37.949999999999996
2019-09-01,11.96,12.24,30.080000000000002
2019-09-02,15.180000000000001,0.0,34.56
2019-09-03,28.98,0.0,57.6
2019-09-04,34.5,10.08,51.84
2019-09-05,29.44,0.0,53.76
2019-09-06,34.5,0.0,51.2
2019-09-07,10.120000000000001,24.0,40.96
2019-09-08,17.099999999999998,5.88,48.839999999999996
2019-09-09,34.769999999999996,0.0,70.3
2019-09-10,47.309999999999995,5.04,74.0
2019-09-11,42.74999999999999,0.0,68.82
2019-09-12,56.99999999999999,0.0,66.6
2019-09-13,37.62,0.0,56.24
2019-09-14,14.249999999999998,0.0,39.96
2019-09-15,23.46,0.0,38.080000000000005
2019-09-16,42.84,0.0,61.88
2019-09-17,39.27,9.43,67.32000000000001
2019-09-18,43.35,9.66,65.28
2019-09-19,45.9,9.66,63.24
2019-09-20,28.05,0.0,57.800000000000004
2019-09-21,17.34,0.0,36.04
2019-09-22,17.82,0.0,39.6
2019-09-23,38.34,0.0,50.160000000000004
2019-09-24,38.88,0.0,54.78
2019-09-25,47.52,0.0,54.78
2019-09-26,50.760000000000005,9.89,58.74
2019-09-27,38.34,9.89,52.800000000000004
2019-09-28,13.5,0.0,42.24
2019-09-29,10.07,0.0,36.85
2019-09-30,31.270000000000003,0.0,53.6
2019-10-01,39.75,0.0,50.92
2019-10-02,33.39,11.639999999999999,56.28
2019-10-03,36.57,0.0,51.59
2019-10-04,36.04,0.0,48.24
2019-10-05,13.25,0.0,34.17
2019-10-06,9.12,0.0,27.3
2019-10-07,24.96,23.52,45.5
2019-10-08,30.72,0.0,46.800000000000004
2019-10-09,26.4,0.0,49.4
2019-10-10,30.72,0.0,54.6
2019-10-11,24.0,0.0,42.25
2019-10-12,9.12,0.0,37.7
2019-10-13,10.559999999999999,0.0,36.57
2019-10-14,21.119999999999997,0.0,52.44
2019-10-15,24.48,0.0,53.129999999999995
2019-10-16,25.919999999999998,0.0,49.67999999999999
2019-10-17,28.799999999999997,0.0,53.81999999999999
2019-10-18,30.72,0.0,48.989999999999995
2019-10-19,8.64,0.0,42.779999999999994
2019-10-20,11.73,0.0,42.160000000000004
2019-10-21,32.13,0.0,48.28
2019-10-22,30.09,0.0,47.6
2019-10-23,25.5,0.0,47.6
2019-10-24,34.68,0.0,57.120000000000005
2019-10-25,32.13,0.0,51.68000000000001
2019-10-26,12.75,0.0,41.480000000000004
2019-10-27,23.04,0.0,40.879999999999995
2019-10-28,64.0,0.0,64.24
2019-10-29,55.04,0.0,73.0
2019-10-30,46.08,0.0,64.97
2019-10-31,33.92,0.0,49.64
2019-11-01,48.64,0.0,63.51
2019-11-02,15.36,0.0,50.37
2019-11-03,17.669999999999998,0.0,52.559999999999995
2019-11-04,43.31999999999999,0.0,68.39999999999999
2019-11-05,34.769999999999996,0.0,70.56
2019-11-06,39.33,0.0,59.76
2019-11-07,56.99999999999999,0.0,61.199999999999996
2019-11-08,35.91,0.0,64.8
2019-11-09,11.399999999999999,0.0,54.0
2019-11-10,17.099999999999998,0.0,45.56
2019-11-11,30.779999999999998,0.0,52.93
2019-11-12,45.029999999999994,0.0,59.63
2019-11-13,45.029999999999994,0.0,62.31
2019-11-14,38.19,0.0,67.0
2019-11-15,44.459999999999994,19.36,58.96
2019-11-16,12.54,0.0,46.230000000000004
2019-11-17,8.64,0.0,49.0
2019-11-18,34.02,0.0,60.9
2019-11-19,38.88,0.0,61.599999999999994
2019-11-20,40.5,0.0,68.6
2019-11-21,42.120000000000005,0.0,60.9
2019-11-22,42.120000000000005,0.0,58.099999999999994
2019-11-23,11.34,0.0,44.099999999999994
2019-11-24,6.09,0.0,32.76
2019-11-25,17.98,10.92,42.120000000000005
2019-11-26,17.11,11.04,39.0
2019-11-27,13.34,0.0,33.800000000000004
2019-11-28,7.249999999999999,0.0,29.12
2019-11-29,6.959999999999999,0.0,24.96
2019-11-30,5.8,12.0,31.720000000000002
2019-12-01,15.0,0.0,37.620000000000005
2019-12-02,32.5,0.0,44.88
2019-12-03,32.5,0.0,60.720000000000006
2019-12-04,50.0,16.17,66.0
2019-12-05,43.0,0.0,64.02
2019-12-06,39.5,0.0,51.480000000000004
2019-12-07,12.0,0.0,40.260000000000005
2019-12-08,15.0,0.0,37.76
2019-12-09,35.0,0.0,51.84
2019-12-10,40.0,11.0,55.68
2019-12-11,34.5,0.0,56.32
2019-12-12,39.0,0.0,47.36
2019-12-13,39.5,0.0,37.76
2019-12-14,17.0,0.0,38.4
2019-12-15,16.4,0.0,35.2
2019-12-16,27.47,0.0,45.44
2019-12-17,32.39,0.0,44.800000000000004
2019-12-18,27.47,0.0,49.28
2019-12-19,33.21,0.0,50.56
2019-12-20,16.81,0.0,52.480000000000004
2019-12-21,12.299999999999999,0.0,37.12
2019-12-22,4.56,0.0,27.93
2019-12-23,9.36,0.0,23.03
2019-12-24,7.4399999999999995,0.0,25.97
2019-12-25,4.8,0.0,27.439999999999998
2019-12-26,8.879999999999999,7.54,27.93
2019-12-27,7.199999999999999,0.0,27.439999999999998
2019-12-28,6.24,0.0,25.97
2019-12-29,5.76,0.0,24.0
2019-12-30,7.92,0.0,28.5
2019-12-31,4.8,0.0,25.5
2020-01-01,7.68,0.0,31.5
2020-01-02,9.84,0.0,35.5
2020-01-03,12.719999999999999,0.0,34.5
2020-01-04,11.28,0.0,35.0
2020-01-05,14.4,0.0,38.4
2020-01-06,31.95,0.0,49.28
2020-01-07,38.7,9.9,64.0
2020-01-08,34.65,0.0,58.24
2020-01-09,42.300000000000004,0.0,61.44
2020-01-10,35.1,0.0,62.08
2020-01-11,20.7,0.0,41.6
2020-01-12,23.029999999999998,0.0,39.69
2020-01-13,36.19,0.0,54.18
2020-01-14,40.419999999999995,0.0,56.07
2020-01-15,39.949999999999996,0.0,62.37
2020-01-16,47.0,0.0,62.37
2020-01-17,40.419999999999995,0.0,60.480000000000004
2020-01-18,17.39,0.0,41.58
2020-01-19,21.619999999999997,11.0,43.4
2020-01-20,23.5,0.0,42.16
2020-01-21,41.36,0.0,58.9
2020-01-22,45.589999999999996,9.790000000000001,58.9
2020-01-23,39.949999999999996,0.0,60.14
2020-01-24,37.599999999999994,0.0,52.08
2020-01-25,17.86,0.0,47.12
2020-01-26,18.36,0.0,41.6
2020-01-27,40.8,0.0,57.85
2020-01-28,43.35,0.0,63.7
2020-01-29,48.96,0.0,61.1
2020-01-30,46.410000000000004,0.0,63.7
2020-01-31,47.94,0.0,63.7
2020-02-01,13.26,0.0,40.95
2020-02-02,29.61,0.0,39.65
2020-02-03,63.0,0.0,54.6
2020-02-04,61.74,17.16,62.400000000000006
2020-02-05,41.58,0.0,52.0
2020-02-06,47.25,0.0,56.550000000000004
2020-02-07,52.29,0.0,52.65
2020-02-08,17.64,0.0,50.7
2020-02-09,15.81,0.0,50.050000000000004
2020-02-10,37.230000000000004,0.0,57.2
2020-02-11,48.96,0.0,65.0
2020-02-12,31.62,0.0,61.75
2020-02-13,39.78,0.0,60.45
2020-02-14,37.74,0.0,54.6
2020-02-15,16.32,0.0,41.6
2020-02-16,13.64,0.0,42.699999999999996
2020-02-17,20.24,0.0,42.699999999999996
2020-02-18,33.44,0.0,54.29
2020-02-19,24.64,0.0,57.949999999999996
2020-02-20,28.6,0.0,53.68
2020-02-21,29.04,0.0,46.97
2020-02-22,13.64,0.0,43.92
2020-02-23,16.830000000000002,25.619999999999997,48.910000000000004
2020-02-24,44.37,0.0,67.0
2020-02-25,42.33,0.0,64.32000000000001
2020-02-26,38.25,20.58,60.300000000000004
2020-02-27,40.29,42.0,57.620000000000005
2020-02-28,47.43,21.84,60.300000000000004
2020-02-29,18.36,0.0,50.25
2020-03-01,22.04,0.0,40.26
2020-03-02,44.08,21.0,55.51
2020-03-03,37.699999999999996,0.0,56.73
2020-03-04,41.76,20.58,49.41
2020-03-05,40.599999999999994,21.0,53.68
2020-03-06,41.18,21.419999999999998,50.629999999999995
2020-03-07,17.98,24.779999999999998,41.48
2020-03-08,16.24,0.0,38.43
2020-03-09,46.98,5.1000000000000005,51.85
2020-03-10,45.82,5.0,55.51
2020-03-11,44.66,5.0,48.8
2020-03-12,53.94,0.0,50.629999999999995
2020-03-13,40.019999999999996,10.0,48.8
2020-03-14,24.36,0.0,50.019999999999996
2020-03-15,18.0,0.0,42.21
2020-03-16,45.6,0.0,53.55
2020-03-17,46.8,10.29,51.03
2020-03-18,58.8,10.5,52.92
2020-03-19,49.8,10.709999999999999,53.55
2020-03-20,39.0,0.0,49.77
2020-03-21,24.599999999999998,0.0,42.21
2020-03-22,18.29,0.0,48.18
2020-03-23,57.82,4.6000000000000005,60.720000000000006
2020-03-24,59.0,0.0,65.34
2020-03-25,50.15,0.0,66.0
2020-03-26,44.839999999999996,0.0,64.68
2020-03-27,48.379999999999995,0.0,54.120000000000005
2020-03-28,24.779999999999998,0.0,52.14
2020-03-29,18.36,0.0,52.260000000000005
2020-03-30,45.900000000000006,0.0,62.980000000000004
2020-03-31,42.120000000000005,18.330000000000002,64.32000000000001
2020-04-01,44.28,0.0,60.970000000000006
2020-04-02,32.940000000000005,0.0,63.650000000000006
2020-04-03,26.46,0.0,56.95
2020-04-04,14.580000000000002,38.61,46.900000000000006
2020-04-05,14.84,0.0,44.85
2020-04-06,28.09,0.0,56.550000000000004
2020-04-07,39.75,0.0,57.2
2020-04-08,24.380000000000003,0.0,55.25
2020-04-09,30.740000000000002,0.0,57.85
2020-04-10,20.14,9.0,53.300000000000004
2020-04-11,16.43,0.0,48.75
2020-04-12,16.740000000000002,28.999999999999996,47.36
2020-04-13,32.400000000000006,25.229999999999997,54.4
2020-04-14,24.3,0.0,53.120000000000005
2020-04-15,27.0,0.0,51.2
2020-04-16,31.860000000000003,0.0,56.96
2020-04-17,33.480000000000004,0.0,50.56
2020-04-18,21.060000000000002,0.0,43.52
2020-04-19,18.900000000000002,28.419999999999998,49.64
2020-04-20,28.62,0.0,62.56
2020-04-21,29.160000000000004,0.0,63.92
2020-04-22,29.160000000000004,0.0,61.88
2020-04-23,32.940000000000005,0.0,66.64
2020-04-24,24.840000000000003,0.0,56.440000000000005
2020-04-25,15.120000000000001,28.13,49.64
2020-04-26,17.68,0.0,48.75
2020-04-27,46.24,0.0,57.85
2020-04-28,68.0,0.0,65.0
2020-04-29,51.68000000000001,0.0,58.5
2020-04-30,42.84,0.0,56.550000000000004
2020-05-01,52.36000000000001,56.26,50.7
2020-05-02,26.520000000000003,0.0,39.65
2020-05-03,19.8,21.66,40.199999999999996
2020-05-04,38.28,36.480000000000004,45.6
2020-05-05,35.2,17.1,42.6
2020-05-06,36.08,0.0,50.4
2020-05-07,37.4,37.24,46.8
2020-05-08,27.72,18.240000000000002,37.8
2020-05-09,20.68,0.0,35.4
2020-05-10,15.049999999999999,0.0,37.21
2020-05-11,36.98,0.0,42.699999999999996
2020-05-12,31.82,0.0,45.75
2020-05-13,43.0,0.0,46.97
2020-05-14,30.96,9.700000000000001,45.14
2020-05-15,31.82,4.9,46.36
2020-05-16,15.049999999999999,0.0,37.21
2020-05-17,15.989999999999998,11.4,34.16
2020-05-18,31.979999999999997,0.0,43.31
2020-05-19,29.11,9.8,49.41
2020-05-20,28.29,0.0,49.41
2020-05-21,26.65,0.0,45.75
2020-05-22,24.189999999999998,0.0,42.089999999999996
2020-05-23,18.04,11.600000000000001,40.26
2020-05-24,15.600000000000001,0.0,36.6
2020-05-25,15.200000000000001,0.0,32.4
2020-05-26,34.4,0.0,42.6
2020-05-27,26.0,21.0,42.0
2020-05-28,26.8,0.0,42.6
2020-05-29,19.6,10.709999999999999,60.0
2020-05-30,10.8,0.0,52.199999999999996
2020-05-31,9.36,0.0,38.94
2020-06-01,35.49,0.0,57.23
2020-06-02,31.200000000000003,0.0,53.69
2020-06-03,31.98,23.7,54.279999999999994
2020-06-04,28.86,0.0,44.25
2020-06-05,27.69,0.0,55.459999999999994
2020-06-06,18.72,0.0,50.739999999999995
2020-06-07,16.28,0.0,42.74999999999999
2020-06-08,37.0,32.39,51.3
2020-06-09,30.71,32.39,55.85999999999999
2020-06-10,28.86,0.0,46.169999999999995
2020-06-11,34.41,34.03,51.87
2020-06-12,25.16,35.26,48.449999999999996
2020-06-13,19.24,41.0,41.04
2020-06-14,13.32,0.0,41.4
2020-06-15,30.24,0.0,54.0
2020-06-16,24.48,0.0,60.0
2020-06-17,30.959999999999997,0.0,54.6
2020-06-18,28.08,17.849999999999998,51.0
2020-06-19,26.279999999999998,18.48,52.8
2020-06-20,11.52,21.0,46.199999999999996
2020-06-21,11.4,0.0,38.690000000000005
2020-06-22,21.3,18.27,37.1
2020-06-23,17.4,18.27,43.46
2020-06-24,19.2,0.0,47.7
2020-06-25,19.8,18.27,39.75
2020-06-26,23.4,18.9,41.34
2020-06-27,11.1,0.0,37.1
2020-06-28,17.099999999999998,0.0,41.040000000000006
2020-06-29,20.099999999999998,19.36,44.82
2020-06-30,20.4,0.0,45.36
2020-07-01,20.4,9.02,44.28
2020-07-02,21.599999999999998,9.02,42.120000000000005
2020-07-03,12.9,9.68,36.72
2020-07-04,10.5,22.0,41.580000000000005
2020-07-05,13.44,5.5,39.42
2020-07-06,25.28,0.0,39.42
2020-07-07,18.240000000000002,0.0,40.5
2020-07-08,19.52,0.0,45.900000000000006
2020-07-09,18.56,9.13,42.660000000000004
2020-07-10,21.44,0.0,39.96
2020-07-11,14.08,5.17,42.660000000000004
2020-07-12,14.26,0.0,44.4
2020-07-13,22.94,17.63,44.4
2020-07-14,19.22,17.63,51.0
2020-07-15,21.08,18.06,52.8
2020-07-16,23.25,0.0,56.4
2020-07-17,20.77,18.49,52.199999999999996
2020-07-18,14.57,21.07,49.8
2020-07-19,14.850000000000001,0.0,44.25
2020-07-20,26.07,0.0,46.61
2020-07-21,19.8,0.0,50.739999999999995
2020-07-22,20.790000000000003,0.0,51.919999999999995
2020-07-23,19.14,0.0,50.739999999999995
2020-07-24,18.48,0.0,48.97
2020-07-25,13.530000000000001,0.0,43.07
2020-07-26,17.86,0.0,49.14
2020-07-27,27.740000000000002,42.0,53.55
2020-07-28,21.28,42.0,50.4
2020-07-29,28.12,64.0,63.0
2020-07-30,38.0,0.0,59.85
2020-07-31,37.62,43.0,56.07
2020-08-01,14.06,0.0,35.28
2020-08-02,9.99,13.2,33.059999999999995
2020-08-03,27.75,11.66,36.48
2020-08-04,18.13,0.0,38.19
2020-08-05,22.57,0.0,32.489999999999995
2020-08-06,25.53,17.38,36.48
2020-08-07,12.209999999999999,11.88,33.629999999999995
2020-08-08,8.51,13.42,35.339999999999996
2020-08-09,14.8,6.71,36.480000000000004
2020-08-10,20.400000000000002,0.0,42.24
2020-08-11,22.400000000000002,0.0,37.76
2020-08-12,19.6,5.72,40.96
2020-08-13,21.6,5.61,45.44
2020-08-14,26.8,0.0,41.6
2020-08-15,9.200000000000001,10.01,31.36
2020-08-16,10.08,0.0,32.9
2020-08-17,34.56,16.64,56.699999999999996
2020-08-18,25.919999999999998,16.32,56.699999999999996
2020-08-19,41.28,16.64,56.0
2020-08-20,32.64,16.64,63.699999999999996
2020-08-21,45.12,16.64,57.4
2020-08-22,17.28,19.52,36.4
2020-08-23,16.96,0.0,43.46
2020-08-24,41.870000000000005,20.5,74.61999999999999
2020-08-25,43.46,20.09,66.42
2020-08-26,39.22,41.0,74.61999999999999
2020-08-27,53.0,20.09,72.16
2020-08-28,31.270000000000003,0.0,82.0
2020-08-29,20.67,23.369999999999997,51.66
2020-08-30,21.659999999999997,0.0,55.44
2020-08-31,49.589999999999996,0.0,85.36
2020-09-01,43.88999999999999,0.0,74.8
2020-09-02,50.16,0.0,83.6
2020-09-03,53.01,0.0,75.68
2020-09-04,50.16,4.2,73.04
2020-09-05,14.249999999999998,0.0,44.0
2020-09-06,12.65,0.0,54.56
2020-09-07,25.3,0.0,58.08
2020-09-08,50.050000000000004,24.8,76.56
2020-09-09,42.35,0.0,77.44
2020-09-10,43.45,0.0,80.96
2020-09-11,47.85,0.0,73.92
2020-09-12,15.950000000000001,0.0,51.04
2020-09-13,16.52,0.0,54.0
2020-09-14,47.79,4.0,96.0
2020-09-15,59.0,0.0,95.0
2020-09-16,54.87,0.0,93.0
2020-09-17,41.89,0.0,88.0
2020-09-18,59.0,4.1000000000000005,100.0
2020-09-19,15.34,10.0,76.0
2020-09-20,18.24,0.0,62.31
2020-09-21,53.58,0.0,84.63000000000001
2020-09-22,46.169999999999995,4.0,88.35000000000001
2020-09-23,53.58,0.0,82.77000000000001
2020-09-24,49.019999999999996,0.0,81.84
2020-09-25,36.48,0.0,69.75
2020-09-26,15.959999999999999,0.0,43.71
2020-09-27,14.569999999999999,28.05,37.96
2020-09-28,35.25,0.0,47.449999999999996
2020-09-29,26.32,23.650000000000002,58.4
2020-09-30,34.309999999999995,0.0,50.37
2020-10-01,42.3,22.0,60.589999999999996
2020-10-02,47.0,22.55,59.129999999999995
2020-10-03,18.33,26.400000000000002,43.8
2020-10-04,18.900000000000002,0.0,54.12
2020-10-05,36.9,0.0,77.08
2020-10-06,43.2,0.0,79.53999999999999
2020-10-07,40.95,0.0,67.24
2020-10-08,44.1,0.0,69.7
2020-10-09,25.2,0.0,63.959999999999994
2020-10-10,14.85,0.0,55.76
2020-10-11,11.889999999999999,0.0,32.64
2020-10-12,33.21,5.3999999999999995,42.24
2020-10-13,26.24,0.0,44.800000000000004
2020-10-14,30.34,0.0,42.88
2020-10-15,20.5,10.799999999999999,41.6
2020-10-16,34.03,5.64,44.160000000000004
2020-10-17,16.81,6.24,40.96
2020-10-18,12.16,0.0,36.720000000000006
2020-10-19,30.78,0.0,49.64
2020-10-20,34.96,5.52,53.040000000000006
2020-10-21,31.92,10.799999999999999,46.24
2020-10-22,32.3,8.16,39.440000000000005
2020-10-23,24.7,5.52,42.84
2020-10-24,18.62,0.0,38.080000000000005
2020-10-25,12.920000000000002,0.0,69.52
2020-10-26,24.48,0.0,82.72
2020-10-27,27.880000000000003,0.0,79.2
2020-10-28,24.14,0.0,88.0
2020-10-29,30.6,0.0,85.36
2020-10-30,32.64,0.0,66.88
2020-10-31,12.920000000000002,0.0,45.76
2020-11-01,9.72,0.0,42.120000000000005
2020-11-02,20.25,0.0,43.160000000000004
2020-11-03,19.44,0.0,45.760000000000005
2020-11-04,19.17,0.0,23.400000000000002
2020-11-05,15.930000000000001,0.0,30.68
2020-11-06,22.14,0.0,38.480000000000004
2020-11-07,12.420000000000002,0.0,27.560000000000002
2020-11-08,11.200000000000001,0.0,44.88
2020-11-09,22.080000000000002,0.0,57.800000000000004
2020-11-10,22.080000000000002,0.0,68.0
2020-11-11,20.16,9.89,67.32000000000001
2020-11-12,15.68,9.43,53.720000000000006
2020-11-13,32.0,9.89,68.0
2020-11-14,10.88,0.0,51.00000000000001
2020-11-15,15.399999999999999,0.0,44.800000000000004
2020-11-16,35.0,0.0,55.68
2020-11-17,20.299999999999997,0.0,52.480000000000004
2020-11-18,34.3,21.599999999999998,62.72
2020-11-19,25.549999999999997,0.0,51.2
2020-11-20,15.399999999999999,0.0,53.76
2020-11-21,14.0,48.0,40.96
2020-11-22,6.5,0.0,31.200000000000003
2020-11-23,15.25,0.0,41.6
2020-11-24,9.75,0.0,40.04
2020-11-25,16.0,0.0,33.800000000000004
2020-11-26,5.75,5.76,29.64
2020-11-27,10.5,5.52,35.88
2020-11-28,6.5,0.0,29.64
2020-11-29,12.709999999999999,18.8,38.94
2020-11-30,29.759999999999998,16.400000000000002,41.3
2020-12-01,30.07,40.0,51.33
2020-12-02,31.0,20.0,54.87
2020-12-03,20.15,0.0,54.279999999999994
2020-12-04,22.63,20.400000000000002,59.0
